{"cameraMode":{"drawMode":0,"name":"Shaded","section":"Shading Mode"},"sceneLighting":false,"audioPlay":false,"sceneViewState":{"m_AlwaysRefresh":false,"showFog":true,"showSkybox":false,"showFlares":true,"showImageEffects":true,"showParticleSystems":true,"showVisualEffectGraphs":true,"m_FxEnabled":true},"in2DMode":false,"pivot":{"x":27.763431549072267,"y":-20.513954162597658,"z":-2.4858639240264894},"rotation":{"x":0.24599677324295045,"y":0.6262069344520569,"z":-0.21786576509475709,"w":0.7070885896682739},"size":29.68631362915039,"orthographic":false}